Title,Cleaned_Content,Cleaned_Comment
i竞体，投票看一下谁是我国男女运动员顶流,女运动员按超话等级男运动员按超话等级,"谷马
其实我觉得顶峰期的朱婷其实路人缘应该极好女排真的是中国人大赛必看项目了
至少这个靠实力
其实还有王濛郭晶晶田亮只不过她们已经退役了就没放里面
马龙和全红婵吧在孙颖莎和全红婵之中还是选了全红婵
男的没啥疑问了女的感觉孙全谷差不多
按抖来看是全红婵和马龙
按我组看内赞的当时孙颖莎五十万内赞 东奥战胜伊藤美诚确实一战成名
没有刘诗雯啊
这个可以说是国民度吧
按照楼主说的超话等级 这个是球迷粘性程度吧 孙颖莎钻超
名单选的是还没有退役的运动员
没有赵继伟吗怎么我辽双子星就写了一个郭艾伦
国民度的话妥妥的全红蝉
我忘了许昕也退役了"
为什么我兔只有演员有时尚资源啊？感觉歪果运动员也挺多高奢和封面的,不了解时尚圈纯体感印象中我兔运动员只有谷爱凌和苏翊鸣有拿抬头并出席活动的歌手好像一个都没有,"dd求解
马龙有prada啊
谷爱凌和苏翊鸣有lv
出名的运动员还有谁啊
以前网球的李娜也有啊还有现在的郑钦文这种得贵一点的运动吧还得有成绩
奥运后有很多吧
我去我只知道Prada签了女足
国乒很多运动员都有啊
李宇春不是歌手吗王菲李玟都拿过
运动员有商业价值的也就那几个
我国运动员也有的我记得prada还是谁邀请了女足
运动员封面挺多的
运动员有啊马龙张之臻今天也出席了上次ELLE叶诗文也去了
国外有的大部分是商业化的运动吧体制内限制大
撸也有选手代言手表服装可能你不追而已
top运动员都有封面过的
郑钦文现有代言包括伊利劳力士耐克威尔逊支付宝佳得乐麦当劳斯维诗
这种属于运动明星了我国有但比较少吧李娜算不算我看她也会登时尚杂志
运动员也有拿资源的登封的也很多
我国厉害的不是热门项目如果三大球出现巨星就有了
运动员比明星地位更高
没有人搬而已很多活动都有的
每届奥运结束后几个月有挺多ydy上杂志的
有的我组不爱涛罢了
感觉代言不少 但都是一些日常品牌 时尚资源这方面完全没有 女排之前也打的很好啊
有的 只是我组不而已
网球那两个男的也在接触各种时尚资源吴易昺和张之臻张之臻今天就参加活动他们杂志也在上的
马龙有欧米伽和普拉达上过女刊五大刊男刊也上过很多
除了她现在还有谁王菲李玟已经不太活跃了
挺多的你自己不关注罢了
有的我组不讨而已每次奥运那几个运动员商务杂志都会明显曝光
我只知道会签运动品牌手表珠宝这些还真不知道
有明星潜质的运动员其实很少很少讲真的苏翊鸣那个女朋友朱易要是成绩但凡能稍微好那么一点点商业机会也不会少
你等着明年巴黎奥运会后又会是运动员推封合作高奢的高峰期
非三大球商业价值有差距出名就那些
星光或者实绩不够
运动员丝不吹时尚而已
郑钦文年初上过cosmo正刊还是劳力士代言人
好厉害
你不知道不代表没有
周冠宇是DIOR大使 只不过很多人不认识每次拉表都问这人是谁
啊今天在vogue
不在是说他有奢牌
游泳的汪顺封面还不少代言也有两个之前孙杨宁泽涛更多
看商业价值
运动员要有商业价值啊 而且要有一定的影响力"
谷爱凌这张问题出在哪儿,从头到脚没啥出错的地方为啥整体看起来这么不显身材,"rt
拍摄角度吧从上往下拍
拍摄角度
这件衣服太短了不太适合她这样高挑的身材
没问题啊
她身材好好
老美拍人都是这么拍啊正视镜头畸变里的你自己
好看的身材健康又美丽
你身材这样紧致再说吧特别是手臂人家又不会去做身体医美都是练出来的
出在拍摄角度上因为本身搭配就是弱化脚部结果拍摄角度仰拍把头拍大了脚拍小了腿拍短了就显得头重脚轻不好看了
这哪里有问题了
没啥问题身材挺好啊
感觉她的xiong相对于这件衣服来说略小   领口太低  xiong的高度不高 看起来和肚子差不多一个高度  就会视觉看起来不那么瘦
有啥问题
人家是运动员
一开始手挡住了腰线有点显胖后面腰线露出来就挺好
女人就是要壮要有力量肉要紧才有线条
角度呗
你是男的
一点问题没有
壮一点不好吗细勾让给男人当
拜那运动员
问题出在你觉得人家有问题
这是审美贴又不是实绩贴运动员也不是身材都好不然都当模特
带着你的白瘦幼审美敝帚自珍去吧女人健康强壮才是好身材
对运动员要求细瘦有点过分了吧  人家又不服美疫
这不挺好的
角度问题啊你看身边的人也都好矮
没啥问题吧
没有问题 既健康又美丽
没问题这很完美
并没有什么问题见过太多这种角度下分的欧美男星了说实话她抗住了这种镜头
这有啥问题 我觉得看着很高挑很健康啊
身材没有任何问题有问题是拍摄角度和看的人
没问题 任何人这样拍都是米看起来比例不对
她的妆容太欧美了显老身材没问题
看着挺好啊
运动员核心力量都很强腰腹比一般人强壮很多
哪里有问题
镜头
她斤 你平常看惯了斤的骨头架子再看这款肯定会觉得违和
没有任何问题 是镜头角度 这种角度谁拍谁矮胖
拍摄角度
感觉身材很好啊
没啥问题啊
iphone拍的大头娃娃吧
没腰 上下一样
挺漂亮的就是拍摄角度奇怪
挺好看的啊
胸搞个聚拢的
有啥问题啊
没问题而且能看得出来她腿部肌肉很紧不是松垮的那种
女人想怎么都可以 轮到你一个浦南来点评了
这个头发做得很不好卷又没卷出形状和层次也不柔顺显得发型很邋遢服装又是紧绷绷的风格
我觉得挺好的啊就是拍摄角度不太好
从上到下拍角度腿变短头变大腰那里裙子跟背景一块了看不出腰线
是角度的问题后面稍微变点位置就正常了人家身材蛮好
你算什么东西 还指点女人
角度问题
裙子太短扯上面就下面失守扯下面就上面失守
拍摄角度吧 她身材很好的
有啥问题 这挺正常的
试试让路人用这个拍摄角度拍摄自己 你就知道怎么回事了
没有问题
拍摄角度问题这种角度都能看出她身材好好"
吴。燕妮是否是低配版谷爱凌,谷爱凌level比她高一点成绩好一点营销力度高一点比较会舔美国吃两头饭是低配谷爱凌吗,"吴太妹味很足没教养缺乏外界认可靠自大假充自信导致爱讲蠢话
额 竞技比赛菜是原罪啊
拐比她优秀太多了
所以才叫低配版
没有成绩但很会营销吃网红饭的小太妹体育竞技菜是原罪
她的面相看了就不舒服
感觉她走的不是谷的人设啊
辱了
拿谷的aoyun和这个比差太远了吧
这很难评
任何运动员说出这种话的时候都应该退役了不遵守体育规则还不能说
说实话成绩差太多了虽然拐的事后面处理得不太好但是她一出来给人感觉是因为有实力所以很自信这位真的只是咋咋唬唬窝里横竞技体育菜是原罪能拿第一尾巴翘天上也有人夸
谷走的是白皮的精英人设吧这人就是没素质爱营销的太妹
竞技体育菜是原罪吸刻入肺
谷爱凌比她聪明多了 这位姐只给我加深了体育生弱智的刻板印象 蠢不拉几的
她太菜了奥运金的含量还是高很多的而且她立的人设怪让人不舒服的拽得很让人翻白眼
她应该还是菜点
谷好歹有个奥金吴这又菜又没体育精神又蠢还爱捂嘴的只能加深我对体育生的刻板印象
碰大瓷了
这是在给谷爱凌翻炒还是
成绩也差太多了
感觉这个大姐脑袋空空的
有亿点差距
还真以为竞技体育是娱乐圈靠翻炒就行
谷的奖牌和学历还是很体面的不提代言发言
那她还是菜得多了
我觉得她是想走傅园慧的路线大大咧咧真性情人设
除了都是女运动员以外感觉没啥共同点
jjty菜是原罪最讨厌她粉丝捂嘴说不喜欢她就是看不得女ydy可以漂漂亮亮拿成绩没抢跑遵守规则认认真真比赛拿成绩的女ydy没惹任何
跟赖面像有点类似嗯
我也觉得
没出成绩之前就吹身材样貌特立独行的我就没见过几个能真混出来的
辱谷了谷爱凌是正经在冬奥拿奖的而且有一说一青运会对我们最大的影响应该是体育馆游泳馆闭馆
她自己觉得是目前如果她拿冠军了的话就可能是了
乳了
如果说她俩有哪里相似就是她妈妈强行解释她那一套手势的含义和谷比完赛掏出个冰凉的韭菜盒子吃给人的感觉有点像不过她和她妈没谷和她妈聪明背景也比不上谷谷签的是最大的体育经纪公司img奥之前就有营销号给她造势吴的团队段位太低之前在厕虎扑发帖给她炒作结果发太多造反噬了
谷是不是有两个奥运金的这位姐连一个奥运银都没有吧虽然田径确实是亚洲人不太优势的项目"
谷爱凌为啥咖位这么高？,别的世界冠军也没这样吧研究微博之夜座位图有感看评论区有感是不是谷算远动员届的星光和实绩都强的那种所以咖位高大部分运动员都是有实绩没啥星光的,"因为世界冠军麻烦对为国争光的朋友尊重点
感觉他算是全球巨星icon那种
我以为应该第一排
因为世界冠军麻烦对为国争光的朋友尊重点
拜托是在全球长脸面让全民跟风正能量的全国冠军
刘雨昕位置那么后嘛
两金一银啊在我眼里一枚金牌压娱乐圈几乎所有人
她就是icon啊 时尚品牌也喜欢她
哈你认真的 她坐第一排都不为过
成绩好当然是前提 除此之外形象好 商业价值高
突破了她这个项目中国历史上金牌的突破 还是好几块  你说呢 拜那奥运冠军
她又不是只有一个奖牌而且她商业价值高关注度热度也高
因为除了世界顶级运动员她还是高材生和时尚icon
两金
谷爱凌咖位应该把第一排所有后明星顶下去
你没经历过冬奥那个时候吗代表我国拿下金牌啊人又很优秀
别的世界冠军是给母国争光她是中美双争光所以特别不一样
实绩强星光好
渣浪知道它的座位含金量这么高么不在第一排就是搞笑
还以为在第一排找了半天
应该第一排
我感觉她很强
论国民度比这图里大部分都高了
才第二排晕倒坐第一排还差不多
goat
冠军地位都挺高的而且她还很年轻
应该是这图里没几个比她国民度好感度高的了
世界冠军青少偶像
她可是世界冠军那些第二排的坐得她坐不得
我国的冷门项目里拿了几个金牌嘲她的不管是自己还是爱豆先拿个世界冠军再说话吧不是说楼主
她有lv和Tiffany的代言吧
你是演的吗
有商业价值的体育巨星壁其它有些项目的奥运金牌其实不一定咖位高
我觉得为国争光的冠军 应该比明星更值得坐第一排
居然坐第二排应该坐第一排
那些明星凭啥比她咖位高呢有为国争光吗其他人
知道她实绩很强但是同比于别的冠军乒乓电竞排球篮球足球羽毛球跳水台球这种感觉咖位还要大很多所以是因为全球化的原因
体育节和gm喜欢的世界冠军国内国外时尚界的时尚icon普通老百姓的学霸和公主 才岁未来可期好可怕
奥运冠军 我觉得她应该坐第一排
属于六边形战士
她知名度和成绩都过硬啊
论国际地位和tyq甚至可以更高
拜托中国滑雪那块这么多年就出了一个紫薇星属于是五十年后都得把她别在体育博物馆纪念馆作为奥运滑雪第一人的存在了
实绩和地位都是第一人创历史的存在说句不可替的国宝级运动员不为过你对她有什么误解啊
她冬奥时候的热度和国民度太高了我爷爷我外甥都知道的程度
真学霸高材生
体育成绩过硬
家庭出身优越非寒门
外在条件也可以进时尚圈

同理的苏翊鸣也差不多是一样的定位就是学霸这块差了点
我都感觉她坐的还不够c

体育成绩goat级别中国现役唯一劳伦斯奖得主热度大国民度高商业价值高世界女运动员第三世界前两个大国血统话题度高斯坦福学历口才好形象青春靓丽反正各种叠buff
世界冠军她的项目突破历史且她形象气质佳商业价值高应该的
她应该坐第一排
不然呢 她是滑雪届goat 不分国界那种
项目到的突破还是连拿好几个金年龄又小从体育到学习到身材颜值时尚没有短板的五边形选手啊
苏可各方位差远了冬奥捆绑给了大家错觉
叠buff了 不只是奥运冠军
因为从外形到实绩到话题度到商业价值都全方位top啊
今年的吗
感觉她是年知名度才起来的算是比较新那种
她值得
有热度有国民度外形条件好成绩好
世界冠军知道啥概念吗秒了所有明星好吗
是不是和演员一个道理实绩和星光都很强的话咖位就高谷是星光特别强的那种冠军壁了其他世界冠军
跟明星比她咖位高才正常这可是世界冠军哇
只说国内给他们的定位相近除了体育之外还有时尚乃至影视这块都有可能性
而苏翊鸣的优势在于纯国产拿到过TOP的回信
成绩外形学历口才背景差太远了没可比性苏男宝别硬蹭了
因为她不止是世界冠军啊她还自带商业价值
原来你们两家仇这么深的吗

对路人来说倒是无所谓谷和苏主要是定位和以前那些世界冠军都不一样
被我拿出来打个比方而已也并没有比实绩
全球icon
苏的公司也是这样的错觉所以冬奥又蹭又踩的成绩就差了十万八千里没任何相似之处
谷是很典型的精英阶级培养的人才吃各种红利但她的确很厉害很成功冬奥期间铺天盖地的广告媒体各种营销宣传
谷全方面无短板还有她早就大满贯了可以算双板goat了
她就应该第一排c位好吗
这话有必要问吗
她的成绩和经历写小说里我都会觉得太悬浮的程度 可现实世界里她就是有这些  我看她应该做第一排号都不过分
国内想捆绑双子星抬男的呗
奥运会两金一银什么概念还是冬季项目从年到年年间中国一共就枚冬奥会金牌这是一般的世界冠军吗
实绩差了十万八千里的就算了没必要捆绑
他的金牌不是差了一个两个是差了近十倍少了个零的问题
你总不能因为一男一女同样都是岁就得捆绑起来吧再拉一起说我只能说男的可真会给自己贴金
还纯国产拜托她这里哪块金不是代表的
时尚价值也高啊看过她几个红毯真不比国外女明星差确实是可以长脸的
哪个明星能跟她比 她可是国际知名度
谷爱凌是全球都有知名度啊 体坛巨星 金牌拿到手软 对国家的贡献可不是娱乐明星能比的
苏和朱易真情侣锁了
的谷可以给lv维秘波司登走秀的男宝去走时尚秀有人看吗娱乐圈这么多流量帅哥他去演戏有人看吗因为是男宝滤镜就这么厚
不然呢 全球偶像了
世界巨星说这些
因为她那个项目之前我们都不行
实绩加上包装她地位这么高yx出了不力
商业价值高而且全球都有关注度
拜那谷爱凌
就像好莱坞巨星演技也就麻麻的美式一包装好家伙全球巨星superstar一白眼翻上天
因为无敌
因为不是每个拿了金牌的运动员都有潜力成为超级巨星
太正能量了
主要是雪上运动其实我们国家的短板谷入籍夺金其实是弥补了这个短板很提气
别的世界冠军也没这样啊
今日金句有
拜托她应该在第一排实绩商业价值形象好宣传正能量文化
她坐第二排我都觉得不应该坐第一排完全有资格 这可是被大大点名夸的
这是什么活动
我有个问题为什么这么多空位
这是最新的吗
突破啊当初刘翔也咖位高啊
世界冠军
实绩 商业价值都高
拜那紫薇星"
谷爱凌关于peer pressure的回答,"上刷到关于谷爱凌的快拍问答环节人生不是一场比赛被最后这句话感动了同辈压力她真是很强大很优秀通过她的问答能得到新的力量与感悟内卷问题怎么做困难的事我们看到的她是一个几近完美的存在很多访谈问答都能了解她很坚定好像完全不会被外界干扰的形象但是这个回答告诉我们她也有很多内在的痛苦挣扎自我挣扎的问题
看到很多讨论哈哈虽然圈层不同但是她的心态真的很适合我们学习的尽管生活水平社会阶层等方面千差万别但是作为人类总会遇到相似的心理困境有着一样的情绪会难过会焦虑不安怎么面对这些情绪我们可以从任何地方得到启发只是恰好她的生活阶层更高而已","确实有一种高于年龄的老练十五岁就要被骂唉也是迅速长大了
好在扛过去了

十五岁我还在玩泥巴抗拒长大
唉怎么说呢我以前成绩很好的时候对内卷可以自洽的但是后面懒得成绩不好了内卷才确确实实的压到我的头上像谷爱凌这种优秀的人面对同样的问题其实处境比普通人好很多我也挺喜欢她的但素阶级不一样吧
可是谷爱凌不需要为生活担心她只需要为人生做选择就好了
认真看完惹赞
真的真的很喜欢她
确实有一种高于年龄的老练十五岁就要被骂唉也是迅速长大了
好在扛过去了

十五岁我还在玩泥巴抗拒长大
其实我也可以做到她说的心态可我的环境和我的家长不允许
内心很强大哇
人生不是比赛
可是谷爱凌不需要为生活担心她只需要为人生做选择就好了
唉怎么说呢我以前成绩很好的时候对内卷可以自洽的但是后面懒得成绩不好了内卷才确确实实的压到我的头上像谷爱凌这种优秀的人面对同样的问题其实处境比普通人好很多我也挺喜欢她的但素阶级不一样吧
内心好强大
虽然也有需要面对的痛苦但感觉她的内核已经很稳了真好啊
emmmmm对不起我对于这种阶级的人说的话共情不起来毕竟很多普通人经历的痛苦和压力比她大多了
没法和这种本身资源就很多的人共情
她好耀眼好像太阳有的时候让人不敢直视但她又好温暖让人忍不住靠近
感觉是读者鸡汤换了一种形式吃这套的人就会很受用吧
是的 她很聪明 很多事都是只要努力就能成功至少在学业方面如此 很多人都知道要爱自己 不要和别人比较 但是我做不到 尤其看到那些又年轻又聪明的人
天龙人的鸡汤 看看就行了
看了评论区以及经常看到的其他一些关于谷爱凌的评论区内容虽然可能被骂但还是想说

有没有可能虽然她家境很好但她确实做到了很多同样基础的人做不到的事她的个人努力和能力确实很突出啊这些成绩并不是一句天龙人就可以概括的

而作为普通人很多人的确就是在自己已有基础上也没有尽力有着懒惰软弱等等问题这也并不完全是家境不够好导致的很大程度是就是自己的问题

阶层差异确实存在但谷爱凌取得的很多是透明公开被全世界监督的标化成绩不是包装或者堆砌资源就能出来的她已经是几乎完美的青年偶像了但还要被这样攻击我真的不太理解

很多人总是酸人家条件好才有机会学滑雪得冠军等等那你条件一般读书时候比你成绩好的都是比你家境好的吗她在斯坦福满绩你在你自己大学名列前茅了没有有多少人能真的问心无愧说自己在每一件重要的事上都拼尽全力
心态确实很重要的
她真的很厉害很有气度"
还有人不知道谷爱凌的问答有多棒吗,"每天看她的问答关于内卷谷爱凌的看法

提问者每当我精疲力尽的时候我就跟自己说谷爱凌比我还忙呢
小谷好的虽然说我很感谢你的认可但是我还是得指出一下这个比较并不太好中文有个词叫内卷它的意思是因为单纯地想要比其他人更拼做更多事情而不是建立在自主意志上而产生精神内耗这是一条把自己榨干的不归路每个人的工作方式都是不一样的

人生并不是一个比拼谁更能吃苦谁遭受的折磨更多的竞赛与之相反开心快乐才是人生赢家而快乐的定义对每个人来说是不同的对我来说全年无休X小时的工作节奏不是问题但这并不意味着你就能接受得了我的生活一向如此说老实话我觉得大多数人如果真有机会去体验我的日常他们未见得能甘之如饴不过这也没毛病

我希望我带来的是正面的影响而不是负面的攀比我会做我自己你也做你自己不用尝试成为下一个谷爱凌只要去成为最好的你自己就可以了","她能算某种吗哈哈哈
冬奥时谁不会不喜欢我的朋友呢
她真的很聪明有思想爱学习也很有运动天赋对于各种酸的我只想说承认别人优秀有那么难吗
只有冬奥时候喜欢嘛
经常看她真的会正能量然后自己也变好亲测
我觉得她确实是很值得追的了呀
很喜欢她 应该是敬佩
她真是太优秀了希望小朋友们都能以她为榜样
人生并不是一场竞赛
边跑边边学习
她尊的很优秀从性格到能力都无可挑剔每次看到酸她的男的真的觉得好笑
吓我了我还以为棒是韩国人
哈哈哈那就太奇妙了
只能说天天看什么就会越接近什么接受的能量不一样
看到了她关于内卷的回复真是鞭辟入里
好会说
真的学到了
佩服她 她所说的我目前还做不到
关于内卷谷爱凌的看法

提问者每当我精疲力尽的时候我就跟自己说谷爱凌比我还忙呢
小谷好的虽然说我很感谢你的认可但是我还是得指出一下这个比较并不太好中文有个词叫内卷它的意思是因为单纯地想要比其他人更拼做更多事情而不是建立在自主意志上而产生精神内耗这是一条把自己榨干的不归路每个人的工作方式都是不一样的

人生并不是一个比拼谁更能吃苦谁遭受的折磨更多的竞赛与之相反开心快乐才是人生赢家而快乐的定义对每个人来说是不同的对我来说全年无休X小时的工作节奏不是问题但这并不意味着你就能接受得了我的生活一向如此说老实话我觉得大多数人如果真有机会去体验我的日常他们未见得能甘之如饴不过这也没毛病

我希望我带来的是正面的影响而不是负面的攀比我会做我自己你也做你自己不用尝试成为下一个谷爱凌只要去成为最好的你自己就可以了
好棒啊
可以把这段话放主楼
放啦

她真的很棒看问答就知道非常有脑子当然没脑子也考不上斯坦福
喜欢爱凌
说得真好啊啊
格局很高的的新生代
说的很棒
还有小谷致超努力的人的一封信

这封信是有黑子在ins发私信嘲笑小谷的努力小谷有感而发就在ins快拍写了这封信既回怼了黑子又鼓励了愿意与她一起加油的朋友们
超超超喜欢我们朋友
哪个女生不想成为谷爱凌她是方方面面的优秀她的未来才是真正不可限量
哇哦
好真诚啊言之有物
谷帝牛的
其实说得挺好的但内卷这个事很多时候是机制的问题公司就是需要榨干你引入很多没有意义的竞争机制靠个人开解自己解决不了普遍的问题
优秀不是稀缺资源 说的太好了
她真的太棒了
谢谢我的朋友"
其实我觉得谷爱凌被针对只是因为去父留女，父系白人让男的不爽…,其他所有的点都是附会攻击谷最根本的原因是男的生殖焦虑还有的话就是她本身强势有力量的女性形象,"谷喊她姥姥叫奶奶我看见男的打死不肯承认非说外婆不能叫奶奶 乐了
哈哈哈哈哈
可能大众层面上是的但在我这里谷评价那个她的那句happy and healthy真的不能接受
她被针对是因为两头吃啊天朝捞钱美帝花
这是什么啊
但男篮男足所谓的规划球员不都是这样不至于到谷这儿突然发现人能两头吃吧
happy and healthy是什么
不是说必须得喜欢她但是男的追着她喷确实是很明显因为看不得女的家境好自己成功她们家有意弱化和隐去父亲角色全世界各项目的top男运动员干什么烂事当什么人上人都不影响被追捧
她蹦的最高呗
happy and healthy是啥谷妈是怎么有的她现在有定论了吗一直还挺好奇的
我是从她营销什么aiguo开始不想鸟她的她这么明晃晃的双guoji当时还有那么多脑can给她洗我就更无语了别说没有双guoji我身边都有
楠篮楠足太废规划了也没成绩nbcs
happy和healthy指啥啊
不过我个人觉得男的骂她除了天龙人这种男女都可能反感的身份就是因为她是女人了以及家里女性占主导地位的故事
男的女人怎么没有男人也可以过得这么好审判
人名关键词谷歌即可
上次稍微说的没有这么隐晦然后就禁言了
happy and healthy那个确实让人不适但我其实觉得喷她的男的也不会觉得这个让人不适吧男的喷真的只要是主楼的问题楼里提到的另一个问题感觉应该是她妈的操作
她奖也拿得最高啊归化的男足男篮男速滑什么冠军
不是大家以为脚球男不是天龙人还是怎么的
她被攻击的点很多不单纯只是这个
是之前那个网球ydy吗

妈呀她yx出来的这种形象会让我以为她是发声的那一个没想到会是这样
她的运动项目只是小众项目在美帝没商业前途才被天朝归化ps主要负责她的leader前段时间犯案被拿下了她有优秀的地方但是在天朝某些水深火热与她营销形象不符的方面装聋作哑和双国籍立aiguo人设我等p民粉她到底图啥啊
有这个因素不过我感觉主要还是国籍问题和营销问题
学过一点国籍法双国籍就是个灰色地带高阶人士心知肚明的事情而且营销得太厉害舆论是会反噬的现在的风评就是反噬的结果
她被骂不是因为双国籍吗
现在两国矛盾越来越明显骑墙不了了其实你想Nanthan chen 把两国的zzzq都惹了所以没有商业价值她发言都比某些部门强多了但是再巧言令色也改变不了事实
我也看到很多人说讨厌她是因为她太天龙人甚至说因为她家庭太杨戬让人感到不平衡但很神奇的事我发现大部分人在面对部分脚球男那种更高意义上的天龙人的时候虽然也会说羡慕嫉妒恨但其实基本都是羡慕而不会有恨
举个例子我从没见过有人说讨厌穆勒因为他赚得多荣誉多生活幸福让自己不平衡或者感受到阶级压迫ps我很喜欢娃just拿他说明我观察到的现象包括环保哥他的白左属性我一直觉得在互联网上都能算一个黑点pps不代表我觉得是黑点但大家好像也就是调侃一下甚至看到很多人很直白的表达对他的羡慕
所以为什么谷爱凌的天龙人属性会让人讨厌呢是因为她的亚裔属性和女性身份更容易让我们普通东亚女对比吗不会对穆勒环保哥lv那几个继承人我看到有人骂lv三公子但话术基本上都是拿他哥哥姐姐踩他废物感觉对lv家大的那几个还挺有好感英国乔治王子夏洛特公主是因为觉得他们阶级差的更远都无法对比了吗
我不讨厌她比赛的时候还蛮喜欢她但她的一些言论让我觉得she is not one of us只能说是个美国人来赚钱了她的言论比如everyone can use VPN和happy healthy她不了解可以不回应的
点了
男的无论是反还是红都对她不爽到羞辱她的方式倒是反的更突破下限一点我在外见过呵呵男的就是男的无论他什么立场
至于天龙人哈哈值得我恨的天龙人她倒还排不上号想起我所见的各种奇葩她简直人畜无害
她在外网说可以在应用商店下载VPN倒也不用这么睁眼说瞎话
哈哈哈哈哈哈哈哈哈哈哈哈别太搞笑
首先谷在冬奥前就已经有不少代言并且小有名气了她的这个成绩在美国拿美元应该也赚得很多
然后金牌算中国的也是双赢只是上面会错意表错情给予太多政治期待了
最后她就是一个比较遥远又各方面拉满的优胜者我不粉他但觉得男的对她长久的恨难以理解
换句话说能既受益于中国基础教育又享受美国超强的高等教育应该没人不愿意何况家境优渥和本人能力也相辅相成不然王思聪这些怎么就是草包二代谷好歹分自己考的奖自己拿的
总之如果你是她也会做这样利益最大化的选择也愿意和她交换人生就没资格气愤和不爽
什么意思啊
如果是ios倒也没错但是得用外国id她确实可以哇为就不清楚了
她原话是说任何人都可以自由的下载
happy and healthy到底是啥去墙外搜了一圈她的新闻没找到
我猜是因为她的标签是亚裔爱国女性运动员不否认她作为运动员的出色 但仅仅是运动成绩而没有这些标签她不可能这么成功 但实际上她没有 stand with女孩儿 爱国也只是zf宣传口
就是她在ins上遇到有人怼她国内没法看外网的问题她说任何人都可以自由的在应用商店下载VPN
大哥冷静这个世上不止有粉与非粉两个身份不动为什么有人这么爱更不懂有人为什么这么恨不就是一个拿过奖的归化运动员吗也许大家就是寻找一个情感寄托安放一下自己的审判标准其中尤其i审判爱guo和血统的孙吧男最后你开心就好
营销太多难免吧越缺什么越夸什么是这样的不说她有多爱中国那双国籍挣钱这事就没啥大不了这种人多了去了现在这明显事实与宣传不符的肯定逆反的人多
比较有趣的是和当时的华天对比同样是贵族运动同样是规划过来的混血儿同样是家境殷实华天当时就是有贵族血统的王子到了谷爱玲这边就是两头吃的精致利己主义者中间的双重标准也许并不完全是性别问题造成的但是绝对是其中之一的原因
宝宝们谁有那条网球ydy发的微博可以给我私发一下吗
男的确实是这样的但是我也对她无感 单纯觉得这种天龙人无法共频罢了
天呢真的有双国籍吗不是说不允许
点了原来吹皮克的也很多说皮克偷走了他们的人生何尝不是一种羡慕而且皮克的渣男属性反而成了同人文创作灵感除了和狼姐相关新闻他风评不好其他评论区大多是善意的
只觉得如果谷爱凌是一个男人或许她的舆论就是另一种环境了
我认为不是这样首先你举的穆勒等等脚球男比谷差太远了谷不仅是家庭条件好她的智商很高在运动和学习方面天赋过人完全可以说她是一个全方位天才并且她young and richfamous and beautiful脚球男等等顶多说在足球上有点天赋文化水平很差吧从我个人来讲我觉得智商是最强大的天赋我绝对不讨厌她反而觉得她非常非常厉害但是我无法喜欢她 她和普通人的不论是先天还是自身的差距之大简直是无法想象的所以无法产生共感
对在大洋彼岸的她完全不了解咱们这儿的情况却轻轻松松地说那些话真的很割裂而她营销得又是girl power岁的presentation之类的
其实不管什么项目规划就是生意罢了上价值但表里不一自然会让很多人不爽也并没有影响她赚钱
但是她当时只有十七八岁而已
看了楼里的讨论唯一感受是不想喜欢的人再微小的事情都能拿来做理由想喜欢的再大的黑点都能主动无视
你是说healthy那句吗这跟年纪无关啊有些采访可以回避的
我不太关注她的相关所以不太清楚男的骂她的言论是怎样的但国男这么这么厌女什么也没做过的普通女人被他们骂得更厉害啊
我是觉得当然可以喜欢谷把她当榜样但没必要觉得所有女性都一定要支持她挺她因为奥运会后很多人没太关注她而她明显是冬奥赚了这单之后也不会在CN发展的人
华天比她天龙人得多全是喊老公的
把高女开除了是能拉低平均值还是咋
不够爱女这一点确实现在能很清楚的认识到并且维护自己生为女性立场的公众人物还是太少了爱国就看这么定义了我看了楼里提到的几个黑点感觉她说的那些话从某种意义来说也是一种爱国
不管怎么样我觉得她的缺点相比起出轨pc暴力赌薄黑钱等丑闻不值一提最多算圆滑利己吧本身定位算是和上面对外宣传口体育界的互惠互利各取所需也不可能直言那些大家不敢说的东西但是她面对的舆论环境其实比很多石锤丑闻男运动员要严苛很多三四十岁的男的犯罪犯错都大把人溺爱
王思聪够天龙人爱炫富吧直播骂mlgcb吧不照样被捧着
刘氏兄弟够双面人吧规划了连犯规都有人帮着洗
对待父系特权和母系特权的人就是不一样啊
看了楼上我才知道happy and healthy这件事情妈耶怎么说呢确实挺爱国的至少从这件事上来看不能说她不爱国吧
我觉得挺逗的感觉是男的可以是天龙人但女的不行哈哈哈哈哈
不过说白了人家也不需要有些人喜欢
讨厌还要说一句不是因为性别掩耳盗铃的有点好笑了哈哈哈哈
其实谷的正面粉丝在互联网也很多 冬奥期间也有很多人说谷偷我人生想给谷妈当女儿 同时很多人也看不起wsc 刘少兄弟 我想知道有什么客观的数据体现谷收到的贬低的比例比臭名昭著的wsc还高吗 或者其实就是声量的问题因为近期关注谷的人所以贬低他的人更显眼
不讨厌她 但是真的很讨厌她铺天盖地的营销
不管怎么说我还是蛮喜欢谷爱凌的她有带动我学我想学的东西
我的意思是她爱给她带来利益的中国这个概念 但不爱中国人没有说她必须爱中国人的意思但既然她吃了这口饭
我也很喜欢 她的一些观念有帮到我 特别是控制自己的大脑
我的妈呀wsc的风评明明是在舔狗王健林不行之后才逐渐在男的当中不行的他玩互联网都十多年了十年前多少叫他爸爸的啊他对林更新那样林更新也舔他啊男的就是对男特权点头哈腰啊这有什么疑问吗
真的谷性转的话肯定相貌也很好梦女一定很多楼里一些黑点都能成为梦点
王思聪主要是女性在骂刘少兄弟主要是粉红在骂谷是男性女性粉红一起骂谷的贡献还比其他几位高得多
没什么问题啊 我同意母系特权和父系特权待遇不同 但我的疑问只在于你举例的时候并不是平行对比的 我觉得有人骂wsc 也有人骂谷爱凌 有人捧wsc也有人捧gal  并不是wsc因为有父系特权所以只被人捧着 gal因为是母系特权所以没有人支持她 关于他们俩值得多少赞美值得多少贬低没有客观数据
要不你再看看楼主在说什么
对女天龙人特权营销咖双面人压榨贫困阶级高攀不起
对男天龙人老公
别太幽默了
其实我觉得还好就连双xx这点我都觉得还好

就当个有血缘的规划来看嘛而且她确实成绩挺好能拿牌就行了

要是足球篮球虽然团体不太可能哈能一口气规划好几个能拿牌的有血缘的运动员我觉得也可以对不起我就是这么势力我一点不在意别的
我觉得天龙人这个事情还是要看时代十年前还流行比你富比你贵的人还比你努力你以为别人在装逼其实只是ta的日常啥的这些标语呢现在明星谁敢营销贵族给嘲死
谷爱凌化妆我不觉得她是为了取悦男性她的妆很凌厉女王更像是在表达自己对世界的一种态度 cr 当时看到的时候发现这种评论还能有好多人点赞觉得过于离谱所以复制了
对谷无感但是看见嘴贱还是更讨厌无关特权营销ag的纯嘴贱厌女言论我真的受不了微博还总是给我推
谷爱凌身上是有些值得诟病的点的但是大部分讨厌她的男的都只是厌女罢了
转发举的例子就挺好 wsc那么天龙人舔他的男的还是一大群
女性不喜欢她的理由可能有挺多但大部分男的讨厌她真的就只是因为厌女罢了
如果要她放弃美国国籍加入中国国籍你看她会同意吗说白了都是关于的问题做着一场aiguo的生意
这组里看足球的人那么多怎么从来没见过审判男天龙人高高在上的呢
是足球男这些W站的不够高了他们也是天龙人还没文化私生活混乱呢
在此地真正的天龙人你连舔都没机会舔别太搞笑扯什么天龙人
谷爱凌为什么是天龙人啊她应该不是x几代家里没大产业吧
确实我B站刷到一个小视频 一堆白人夫妻互送礼物 非洲大金矿 宇宙外星人小宠物的很夸张蹲礼物 最后妻子送了一个盒子推测应该是孕检报告 然后下面就有不止一个说黑人小宝宝是深柜吧 是深柜吧up还赞了
还有贴吧的一个贴 zzqs 文言文班是以色列人 人贩子是吉普赛人 xxn是慕尼黑人
他们超恨又超爱 还有米利唐的女儿长的白也被戴赛博绿帽
没必要喜不喜欢谷爱凌都无所谓她本质上就跟我们普通人有阶层差距但是在审判她天龙人之前可以想想你对你喜欢的W有没有这么严苛
她的营销在我看来没到令人反感的程度不管她本人究竟是不是这么想的但内容表达上还是guo独立女性力量传达出来的东西是正面的比其他人外貌上财富地位的营销好很多反正我不讨厌她我也觉得讨厌她的基层逻辑适用于很多人但是其他人并没有受到任何讨伐说白了还是对成功女性有抵触
什么营销多反噬都不能解释为什么她被骂得最惨她被骂这么惨跟她性别为女有很大的关系同样差不多背景的的男天龙人有被骂这么惨么我无法共情她们这种人阶级不同但她那些所谓的精致利己黑点也算不上黑点吧
大部分男的讨厌她可能就是因为她是一个完全由女性长辈培养出来的成功的女性吧我还蛮羡慕她有优秀的学业和事业的感觉她至少是一个努力自律的人但是我也知道她的这些成就我们普通人光靠努力是达不到的
去搜了新闻 感觉那些黑点也不算什么
我对她双国籍的事没什么感觉主要是她冬奥是真真给拿突破历史的奖牌的 而且感觉她的事换个性别也真不算事
宝宝所以这个是啥呀我没搜到特别好奇
别的不了解但是她本人确实优秀我扪心自问即使我有她那样的家庭条件受到那么好的教育我也做不到像她冬奥那样我当时看她比赛真的被震撼到了我对那个项目一点也不了解但是她心理素质真的让我很敬佩说不羡慕是假的她真的也是投机取巧了很圆滑双国籍营销等等等因素都是男的找的借口罢了真正还是因为她展现出来的形象和实力女的怎么敢呃呃呃
说实话如果性别是男没这么多人恨她
就是讲那个女ydy的
女性是一种处境
天呢楼里到底在扯什么承认谷风评差很大一个原因是因为她是女孩很难吗她这些料放在一个男的身上只会被说这算的是什么塌房
真的太好笑了都搞脚球男了还觉得谷这点事算大黑料别太幽默她这点事放脚球男身上分分钟被营销成我老公是天龙人老公带我润信不信
happy and healthy是啥
特事特办吧
脚球男老婆没有工作纯靠男人大家会说不应该审判女性没有审判这些女性的意思有工作这种很正常的事情也要被单独拿出来夸没有说不该夸希望大家对所有女性都能这么宽容温和"
苏翊鸣被谷爱凌压title了，是不是说明单板不如双板,ch签到谷苏看来苏神还要更湖一点难怪会被压title,"gal是米国人呀

这样吗
星光
因为真的好看吧
就是楼上说的星光吧
两金一银和一金一银加上谷的星光度确实还是不一样的
不是还是得看签到人数
谷形象好且牌子多

看下千岛
谷的经济公司更会包装
谷是zhong国的啊
哈哈哈哈哈哈哈哈哈哈哈哈哈哈
中美双国籍
我觉得还是不要登月碰c比较好一个考进斯坦福的全职学生一个没上几天学保送进清华还是没上几天学的另外针对某些楼里的酸黄瓜我只能说你谷圣就是血统国籍智商实力都破圈的存在四个方面戳不同人的g点
yundongyuantiaotiedouyaokai
还是得拿实绩图啊  这样看差了好多好多
大家只知道aoyun的成绩觉得她俩双子星撇开aoyun 世锦赛XGAME等大赛的成绩她俩差了十万八千里谷基本能赢的牌都赢完了苏在奥前和奥后都没什么成绩
比星光和实绩都有差距吧
天呐简直登月碰瓷谷在体坛都是top的存在男宝粉怎么这么嫑脸
苏才是运气好能捆上gal像高亭宇他们都是比赛一结束就没热度了哪有机会拿到这么多高奢

谷实绩和星光都比苏强
别逗我笑了 谷姐就算不算冬ao的成绩也足够甩苏一个地球带来回的冬ao给他捆双子星捆爽了吧 实际上从哪个方面谷姐早已NEXT LEVEL
ao那个时候苏公司巍美天天捆绑谷给苏c热d
奥运会多一块金牌
好图很直观地展现了goat的实绩收了
谷本来就混时尚圈的压title不是很正常
救命能不能不要再吹谷爱凌的颜值了咱客观点行吗这大马脸哪好看了妆容也脏脏的
这个贴里有任何人提到颜值吗你粘贴错地方了吧
吹别的也就算了吹星光wflbb
上面不一堆吹她好看的吗运动员里比她好看的多了去了真受不了吹她颜值的滤镜也太厚了
谷更会炒一点
光看实绩碾压了呀
本质实绩有壁咯
和苏比那肯定赢一大截苏小矮子又小眼睛的谷素颜很不错啊
凌帝实绩星光营销和本人魅力值完胜小苏
你觉得她不好看别人觉得她好看怎么你了就说谷爱凌好看嘿嘿
运动员要炒那也得有成绩才行就算不是奥运冠军那也是能上斯坦福的全职学生秒了男宝了
苏差远了 实绩没一个能打的 奥运期间贴着谷炒做出来的
怎么没见你把她的金牌算给
小谷经纪公司是IMG哎
不知道苏是哪家
男的成绩比谷差老和谷kun绑一起我才觉得奇怪
什么都拿国j说事的是真的羡慕国j吧了
谷模特约在img国内经济公司奥运前就合约到期了苏的经济公司是img
小谷年初就和巍美中国解约了之后到现在国内事务都是谷妈自己打理另外小谷岁就签了IMG models worldwide这个是模特约跟巍美中国没关系巍美中国现在是苏郑钦文吴易昺的公司所以他们也有sw汁源的也就是没多少人关注那些酸黄瓜天天就盯着谷以为只有谷的汁源好真的很好笑
怎么还有男宝妈气急败坏骂谷颜值的啊哈哈哈
星光差很多啊这种也不能完全以牌子数量比的
苏参加清华开学典礼标新立异的样子也就是氵胡没人知道
谢谢科普
妹妹的专注力和内驱力真的太强了
生命力也很蓬勃 身弱的人太羡慕了
哪怕不在运动领域 她做什么都会成功的
你看看实绩拉表小谷有多牛运动员看成绩啊我还以为用guo籍攻击谷她的都是一些破防nan
为什么就不能考虑商业价值呢
谷爱凌商业价值比较高吧
我组能不能别这么封
好crazy的粉丝苏翊鸣怎么说也是为单板赢得突破的人冬奥期间喜欢他的人一点不比谷少怎么被谷粉踩得体无完肤的
客观点就是谷和苏比谷好看多了啊
不明白谷这么优秀的小女孩都有人踩心理好扭曲啊
就是双国籍 你去weiji百科搜
谷可是真学霸实绩和时尚表现力也yjjc好吧
歪个楼原来运动员丝dj也喜欢用男宝妈

倒是也不是说用国籍踩她shuang国籍是一个客观事实啊
发不了图 一发就审核 你自己去搜吧
说明男人不如女人
我服了你们了
原来客观列实绩图叫踩这帖不是讨论为啥商业价值差这么多吗苏的外形实绩就是差一大截不是客观事实
他俩成绩其实差蛮多的
苏实绩星光都不如谷啊title比她差不是正常
你在说什么 双国籍 我真的会笑
真的吗
点了
谷的成绩和星光 这俩有什么能比的
内容不可见
回我之前要不要看看前面都说了什么呢抨击运动员外貌说他pc说他捆着谷秀芬也不过是这样的论调了实在是没法认同你们把为国争光的运动员说成这样下个冬奥赛季单板大概率苏也还是主力和冲金点作为国人这么踩他实在没必要哈
内容不可见
拼实绩拼的过么运动员之间不比实绩么
确实是大满贯唯一一位获得大满贯的女子自由式滑雪运动员世界杯xgames世锦赛ao历史上首位在一届奥运会上获得三枚奖牌的极限运动选手ao历史上最年轻的女子自由式滑雪金牌获得者
服了 啥都能挑
別宏大叙事了上面酸谷的可不少没见你出来行侠仗义呢
我记得谷爱凌在奥运摘金前已经把各种自己领域的各大赛金牌拿了个遍了
谷的成绩碾压了
真是受不了你们了
啊 这也争 不过距我从冬奥会时了解的 小谷老早就接触lv了 而且还有模特身份

实绩谷厉害吧
角度清奇不过我还是想说一句中国不允许双国ji所谓双国ji是在岁以前成人后选择国ji以后就不允许了法律规定不可能为任何人开先例引进高水平运动员也是用归化
谷实绩远远超过他啊运动员就是得拿成绩说话其他都是扯淡
只是商业价值体现又或者是团队能力有差和运动项目有什么关系
我的沉默震耳欲聋
楼里还真打起来了我更沉默了
确实是双国ji的一般人拿不到这个身份这算特shu情况特殊处理吧

谷实绩碾压 酸黄瓜别破防了
看实绩苏远远不如谷

怎么还有人在说谷双国ji 泥锅不承认双国ji不知道吗 花渣什么时候变成一股贴吧男味了
什么叫被压 那是从来都
离谱 谷爱凌怎么就不能压了 实绩强太多了 名气也大
谷爱凌成绩星光国民度都吊着打苏翊鸣"
为什么光盯着🧵转没转，谷爱凌也没转啊😅,rt,"谷爱凌是在内娱混的吗
你是来倒油的吧
满屏的
主要是没人发啊有人发我也嘲嘲
纠结这个确实没把自己当中国人啊他们
所以懂得都懂 心里清楚就好 也不想批判谁
不在内娱混经营什么weibo和xhs啊专注ins推特去呗
对啊真无语针对老线干什么
内容不可见
可是谷爱凌发了节日快乐啊
乒乓球手粉丝多啊
人家刘亦菲本来就是美国人
盯这个没意思一条任务博而已以前堡还转发呢能证明啥小谷不转但是她给挣仙不转她捐款也捐了税也没少交有贡献不来害老就行
可是人家发了节日快乐捏法国时间慢h
但是人家替拿奖牌了啊
说的是十一转发任务博
别辱谷爱凌了
你根本就没国庆节这个概念
哦哟你确定要拿在中国挣钱女演员和给中国拿两块金牌的运动员比
哪个运动员转发任务博了不都娱乐圈明星在转

给拿金牌她也可以不转
我第一个帮忙骂回去
呦年年能转今年手断了
随便搜一下都是吧
谷爱凌是内娱的吗谷爱凌给中国拿了干了啥
谷又不混内娱不过天仙本来就是美国人不转不奇怪
这是马龙自发转的啊这又不是任务博体育圈没有任务博一说没转的更多
老线怎么样你们都有话术嘲
拖人家奥运冠军下水是菲佣能干出的事
任务转博表立场立场没问题的转不转都可以
你觉得为什么别人盯着还不是她国籍问题
谷爱凌一不混内娱二为国家争光三成年选国籍是个中国国籍
真辱了中国运动史上创记录留名的和成年后宣誓入美国籍有本质区别
谷给中国赢金牌 人也在美国
线靠着内娱zy发家 人在北京也不发
只要她粉丝别踩着内娱花吹她  没人想理    又吹又不让别人按照内娱花标准催转发   又当又立  没这么好的事吧
别拿谷爱凌比人家是实打实的给国家争光了的就不说给国家了拍了一堆烂片连粉丝都对不起
还有粉丝不要拿着以前的转发捐款说事 年捐的款年还在提    别的花哪次灾害的时候没有捐款捐物   怎么涛花咖位的时候    每个都在转发任务博的时候说什么她是外国人  既然什么都要和内娱花比较  那么转发任务博也请比较起来
us 她每年无论转不转都挨骂国j 是她原罪
谷本来就是双国籍
谷正儿八经美国人混上流社会的怎么发
拉金牌运动员下场是吧除了pu了花木兰的成绩是
是美国女人"
